{"dests":[{"hr":1,"id":"3157107-1666595283","y":"img","c":"https://www.facebook.com/tr/?id=136430647058082&ev=Adobe-Audience-Manager-Segment&cd[segID]=16675012&noscript=1"}],"stuff":[],"uuid":"26630723954357900193367352401392779213","dcs_region":12,"tid":"mHafiHsCTDc=","ibs":[{"id":"771","ttl":20160,"tag":"img","fireURLSync":0,"syncOnPage":0,"url":["https://cm.g.doubleclick.net/pixel?google_nid=adobe_dmp&google_cm&gdpr=0&gdpr_consent=&google_hm=MjY2MzA3MjM5NTQzNTc5MDAxOTMzNjczNTI0MDEzOTI3NzkyMTM="]},{"id":"1123","ttl":10080,"tag":"img","fireURLSync":0,"syncOnPage":0,"url":["//analytics.twitter.com/i/adsct?p_user_id=26630723954357900193367352401392779213&p_id=38594"]}],"dpcalls":[]}